{ "dashboard": {
  "__inputs": [
    {
      "name": "DS_GNOCCHI",
      "label": "gnocchi",
      "description": "",
      "type": "datasource",
      "pluginId": "gnocchixyz-gnocchi-datasource",
      "pluginName": "Gnocchi"
    }
  ],
  "__requires": [
    {
      "type": "datasource",
      "id": "gnocchixyz-gnocchi-datasource",
      "name": "Gnocchi",
      "version": "1.6.0"
    },
    {
      "type": "grafana",
      "id": "grafana",
      "name": "Grafana",
      "version": "4.6.2"
    },
    {
      "type": "panel",
      "id": "graph",
      "name": "Graph",
      "version": ""
    }
  ],
  "annotations": {
    "list": [
      {
        "builtIn": 1,
        "datasource": "-- Grafana --",
        "enable": true,
        "hide": true,
        "iconColor": "rgba(0, 211, 255, 1)",
        "name": "Annotations & Alerts",
        "type": "dashboard"
      }
    ]
  },
  "editable": true,
  "gnetId": null,
  "graphTooltip": 0,
  "hideControls": false,
  "id": null,
  "links": [],
  "refresh": false,
  "rows": [
    {
      "collapse": false,
      "height": "250px",
      "panels": [
        {
          "aliasColors": {},
          "bars": false,
          "dashLength": 10,
          "dashes": false,
          "datasource": "${DS_GNOCCHI}",
          "description": "Instance Aggegate CPU Utilization",
          "fill": 1,
          "id": 1,
          "legend": {
            "avg": false,
            "current": false,
            "max": false,
            "min": false,
            "show": true,
            "total": false,
            "values": false
          },
          "lines": true,
          "linewidth": 1,
          "links": [],
          "nullPointMode": "null",
          "percentage": false,
          "pointradius": 5,
          "points": false,
          "renderer": "flot",
          "seriesOverrides": [],
          "spaceLength": 10,
          "span": 12,
          "stack": false,
          "steppedLine": false,
          "targets": [
            {
              "aggregator": "max",
              "draw_missing_datapoint_as_zero": true,
              "fill": 0,
              "granularity": "0:05:00",
              "hide": false,
              "label": "max",
              "metric_name": "cpu_util",
              "needed_overlap": 0,
              "queryMode": "resource_aggregation",
              "refId": "A",
              "resource_search": "flavor_id > 0",
              "resource_type": "instance"
            },
            {
              "aggregator": "mean",
              "draw_missing_datapoint_as_zero": true,
              "fill": 0,
              "granularity": "0:05:00",
              "label": "mean",
              "metric_name": "cpu_util",
              "needed_overlap": 0,
              "queryMode": "resource_aggregation",
              "refId": "B",
              "resource_search": "flavor_id > 0",
              "resource_type": "instance"
            }
          ],
          "thresholds": [],
          "timeFrom": null,
          "timeShift": null,
          "title": "Instance Aggegate CPU Utilization",
          "tooltip": {
            "shared": true,
            "sort": 0,
            "value_type": "individual"
          },
          "type": "graph",
          "xaxis": {
            "buckets": null,
            "mode": "time",
            "name": null,
            "show": true,
            "values": []
          },
          "yaxes": [
            {
              "format": "percent",
              "label": null,
              "logBase": 1,
              "max": null,
              "min": null,
              "show": true
            },
            {
              "format": "short",
              "label": null,
              "logBase": 1,
              "max": null,
              "min": null,
              "show": true
            }
          ]
        }
      ],
      "repeat": null,
      "repeatIteration": null,
      "repeatRowId": null,
      "showTitle": false,
      "title": "Dashboard Row",
      "titleSize": "h6"
    },
    {
      "collapse": false,
      "height": 250,
      "panels": [
        {
          "aliasColors": {},
          "bars": false,
          "dashLength": 10,
          "dashes": false,
          "datasource": "${DS_GNOCCHI}",
          "description": "Per-instance CPU Utilization, Max",
          "fill": 1,
          "id": 3,
          "legend": {
            "avg": false,
            "current": false,
            "max": false,
            "min": false,
            "show": true,
            "total": false,
            "values": false
          },
          "lines": true,
          "linewidth": 1,
          "links": [],
          "nullPointMode": "null",
          "percentage": false,
          "pointradius": 5,
          "points": false,
          "renderer": "flot",
          "seriesOverrides": [],
          "spaceLength": 10,
          "span": 12,
          "stack": false,
          "steppedLine": false,
          "targets": [
            {
              "aggregator": "max",
              "draw_missing_datapoint_as_zero": true,
              "fill": 0,
              "granularity": "0:05:00",
              "label": "${display_name}-${host}",
              "metric_name": "cpu_util",
              "needed_overlap": 0,
              "queryMode": "resource_search",
              "refId": "A",
              "resource_search": "flavor_id > 0",
              "resource_type": "instance"
            }
          ],
          "thresholds": [],
          "timeFrom": null,
          "timeShift": null,
          "title": "Per-instance CPU Utilization, Max",
          "tooltip": {
            "shared": true,
            "sort": 0,
            "value_type": "individual"
          },
          "type": "graph",
          "xaxis": {
            "buckets": null,
            "mode": "time",
            "name": null,
            "show": true,
            "values": []
          },
          "yaxes": [
            {
              "format": "percent",
              "label": null,
              "logBase": 1,
              "max": null,
              "min": null,
              "show": true
            },
            {
              "format": "short",
              "label": null,
              "logBase": 1,
              "max": null,
              "min": null,
              "show": true
            }
          ]
        }
      ],
      "repeat": null,
      "repeatIteration": null,
      "repeatRowId": null,
      "showTitle": false,
      "title": "Dashboard Row",
      "titleSize": "h6"
    },
    {
      "collapse": false,
      "height": 254,
      "panels": [
        {
          "aliasColors": {},
          "bars": false,
          "dashLength": 10,
          "dashes": false,
          "datasource": "${DS_GNOCCHI}",
          "description": "Instance Aggregate Network Incoming Bytes",
          "fill": 1,
          "id": 13,
          "legend": {
            "avg": false,
            "current": false,
            "max": false,
            "min": false,
            "show": true,
            "total": false,
            "values": false
          },
          "lines": true,
          "linewidth": 1,
          "links": [],
          "nullPointMode": "null",
          "percentage": false,
          "pointradius": 5,
          "points": false,
          "renderer": "flot",
          "seriesOverrides": [],
          "spaceLength": 10,
          "span": 12,
          "stack": false,
          "steppedLine": false,
          "targets": [
            {
              "aggregator": "max",
              "draw_missing_datapoint_as_zero": true,
              "fill": 0,
              "granularity": "0:05:00",
              "label": "max",
              "metric_name": "network.incoming.bytes.rate",
              "needed_overlap": 0,
              "queryMode": "resource_aggregation",
              "refId": "A",
              "resource_search": "id != ''",
              "resource_type": "instance_network_interface"
            },
            {
              "aggregator": "mean",
              "draw_missing_datapoint_as_zero": true,
              "fill": 0,
              "granularity": "0:05:00",
              "label": "mean",
              "metric_name": "network.incoming.bytes.rate",
              "needed_overlap": 0,
              "queryMode": "resource_aggregation",
              "refId": "B",
              "resource_search": "id != ''",
              "resource_type": "instance_network_interface"
            }
          ],
          "thresholds": [],
          "timeFrom": null,
          "timeShift": null,
          "title": "Instance Aggregate Network Incoming Bytes",
          "tooltip": {
            "shared": true,
            "sort": 0,
            "value_type": "individual"
          },
          "type": "graph",
          "xaxis": {
            "buckets": null,
            "mode": "time",
            "name": null,
            "show": true,
            "values": []
          },
          "yaxes": [
            {
              "format": "Bps",
              "label": null,
              "logBase": 1,
              "max": null,
              "min": null,
              "show": true
            },
            {
              "format": "short",
              "label": null,
              "logBase": 1,
              "max": null,
              "min": null,
              "show": true
            }
          ]
        },
        {
          "aliasColors": {},
          "bars": false,
          "dashLength": 10,
          "dashes": false,
          "datasource": "${DS_GNOCCHI}",
          "description": "Per-instance Network Incoming Bytes, Max",
          "fill": 1,
          "id": 7,
          "legend": {
            "avg": false,
            "current": false,
            "max": false,
            "min": false,
            "show": true,
            "total": false,
            "values": false
          },
          "lines": true,
          "linewidth": 1,
          "links": [],
          "nullPointMode": "null",
          "percentage": false,
          "pointradius": 5,
          "points": false,
          "renderer": "flot",
          "seriesOverrides": [],
          "spaceLength": 10,
          "span": 12,
          "stack": false,
          "steppedLine": false,
          "targets": [
            {
              "aggregator": "max",
              "draw_missing_datapoint_as_zero": true,
              "fill": 0,
              "granularity": "0:05:00",
              "label": "${instance_id}--${name}",
              "metric_name": "network.incoming.bytes.rate",
              "needed_overlap": 0,
              "queryMode": "resource_search",
              "refId": "A",
              "resource_search": "id != ''",
              "resource_type": "instance_network_interface"
            }
          ],
          "thresholds": [],
          "timeFrom": null,
          "timeShift": null,
          "title": "Per-instance Network Incoming Bytes, Max",
          "tooltip": {
            "shared": true,
            "sort": 0,
            "value_type": "individual"
          },
          "type": "graph",
          "xaxis": {
            "buckets": null,
            "mode": "time",
            "name": null,
            "show": true,
            "values": []
          },
          "yaxes": [
            {
              "format": "Bps",
              "label": null,
              "logBase": 1,
              "max": null,
              "min": null,
              "show": true
            },
            {
              "format": "short",
              "label": null,
              "logBase": 1,
              "max": null,
              "min": null,
              "show": true
            }
          ]
        },
        {
          "aliasColors": {},
          "bars": false,
          "dashLength": 10,
          "dashes": false,
          "datasource": "${DS_GNOCCHI}",
          "description": "Instance Aggregate Network Outgoing Bytes",
          "fill": 1,
          "id": 14,
          "legend": {
            "avg": false,
            "current": false,
            "max": false,
            "min": false,
            "show": true,
            "total": false,
            "values": false
          },
          "lines": true,
          "linewidth": 1,
          "links": [],
          "nullPointMode": "null",
          "percentage": false,
          "pointradius": 5,
          "points": false,
          "renderer": "flot",
          "seriesOverrides": [],
          "spaceLength": 10,
          "span": 12,
          "stack": false,
          "steppedLine": false,
          "targets": [
            {
              "aggregator": "max",
              "draw_missing_datapoint_as_zero": true,
              "fill": 0,
              "granularity": "0:05:00",
              "label": "max",
              "metric_name": "network.outgoing.bytes.rate",
              "needed_overlap": 0,
              "queryMode": "resource_aggregation",
              "refId": "A",
              "resource_search": "id != ''",
              "resource_type": "instance_network_interface"
            },
            {
              "aggregator": "mean",
              "draw_missing_datapoint_as_zero": true,
              "fill": 0,
              "granularity": "0:05:00",
              "label": "mean",
              "metric_name": "network.outgoing.bytes.rate",
              "needed_overlap": 0,
              "queryMode": "resource_aggregation",
              "refId": "B",
              "resource_search": "id != ''",
              "resource_type": "instance_network_interface"
            }
          ],
          "thresholds": [],
          "timeFrom": null,
          "timeShift": null,
          "title": "Instance Aggregate Network Outgoing Bytes",
          "tooltip": {
            "shared": true,
            "sort": 0,
            "value_type": "individual"
          },
          "type": "graph",
          "xaxis": {
            "buckets": null,
            "mode": "time",
            "name": null,
            "show": true,
            "values": []
          },
          "yaxes": [
            {
              "format": "Bps",
              "label": null,
              "logBase": 1,
              "max": null,
              "min": null,
              "show": true
            },
            {
              "format": "short",
              "label": null,
              "logBase": 1,
              "max": null,
              "min": null,
              "show": true
            }
          ]
        },
        {
          "aliasColors": {},
          "bars": false,
          "dashLength": 10,
          "dashes": false,
          "datasource": "${DS_GNOCCHI}",
          "description": "Per-instance Network Outgoing Bytes, Max",
          "fill": 1,
          "id": 12,
          "legend": {
            "avg": false,
            "current": false,
            "max": false,
            "min": false,
            "show": true,
            "total": false,
            "values": false
          },
          "lines": true,
          "linewidth": 1,
          "links": [],
          "nullPointMode": "null",
          "percentage": false,
          "pointradius": 5,
          "points": false,
          "renderer": "flot",
          "seriesOverrides": [],
          "spaceLength": 10,
          "span": 12,
          "stack": false,
          "steppedLine": false,
          "targets": [
            {
              "aggregator": "max",
              "draw_missing_datapoint_as_zero": true,
              "fill": 0,
              "granularity": "0:05:00",
              "label": "${instance_id}--${name}",
              "metric_name": "network.outgoing.bytes.rate",
              "needed_overlap": 0,
              "queryMode": "resource_search",
              "refId": "A",
              "resource_search": "id != ''",
              "resource_type": "instance_network_interface"
            }
          ],
          "thresholds": [],
          "timeFrom": null,
          "timeShift": null,
          "title": "Per-instance Network Outgoing Bytes, Max",
          "tooltip": {
            "shared": true,
            "sort": 0,
            "value_type": "individual"
          },
          "type": "graph",
          "xaxis": {
            "buckets": null,
            "mode": "time",
            "name": null,
            "show": true,
            "values": []
          },
          "yaxes": [
            {
              "format": "Bps",
              "label": null,
              "logBase": 1,
              "max": null,
              "min": null,
              "show": true
            },
            {
              "format": "short",
              "label": null,
              "logBase": 1,
              "max": null,
              "min": null,
              "show": true
            }
          ]
        }
      ],
      "repeat": null,
      "repeatIteration": null,
      "repeatRowId": null,
      "showTitle": false,
      "title": "Dashboard Row",
      "titleSize": "h6"
    },
    {
      "collapse": false,
      "height": 229,
      "panels": [
        {
          "aliasColors": {},
          "bars": false,
          "dashLength": 10,
          "dashes": false,
          "datasource": "${DS_GNOCCHI}",
          "description": "Instance Aggegate Memory Usage",
          "fill": 1,
          "id": 4,
          "legend": {
            "avg": false,
            "current": false,
            "max": false,
            "min": false,
            "show": true,
            "total": false,
            "values": false
          },
          "lines": true,
          "linewidth": 1,
          "links": [],
          "nullPointMode": "null",
          "percentage": false,
          "pointradius": 5,
          "points": false,
          "renderer": "flot",
          "seriesOverrides": [],
          "spaceLength": 10,
          "span": 12,
          "stack": false,
          "steppedLine": false,
          "targets": [
            {
              "aggregator": "max",
              "draw_missing_datapoint_as_zero": true,
              "fill": 0,
              "granularity": "0:05:00",
              "label": "max",
              "metric_name": "memory.usage",
              "needed_overlap": 0,
              "queryMode": "resource_aggregation",
              "refId": "A",
              "resource_search": "host != ''",
              "resource_type": "instance"
            },
            {
              "aggregator": "mean",
              "draw_missing_datapoint_as_zero": true,
              "fill": 0,
              "granularity": "0:05:00",
              "label": "mean",
              "metric_name": "memory.usage",
              "needed_overlap": 0,
              "queryMode": "resource_aggregation",
              "refId": "B",
              "resource_search": "host != ''",
              "resource_type": "instance"
            }
          ],
          "thresholds": [],
          "timeFrom": null,
          "timeShift": null,
          "title": "Instance Aggegate Memory Usage",
          "tooltip": {
            "shared": true,
            "sort": 0,
            "value_type": "individual"
          },
          "type": "graph",
          "xaxis": {
            "buckets": null,
            "mode": "time",
            "name": null,
            "show": true,
            "values": []
          },
          "yaxes": [
            {
              "format": "decmbytes",
              "label": null,
              "logBase": 1,
              "max": null,
              "min": null,
              "show": true
            },
            {
              "format": "short",
              "label": null,
              "logBase": 1,
              "max": null,
              "min": null,
              "show": true
            }
          ]
        }
      ],
      "repeat": null,
      "repeatIteration": null,
      "repeatRowId": null,
      "showTitle": false,
      "title": "Dashboard Row",
      "titleSize": "h6"
    },
    {
      "collapse": false,
      "height": 250,
      "panels": [
        {
          "aliasColors": {},
          "bars": false,
          "dashLength": 10,
          "dashes": false,
          "datasource": "${DS_GNOCCHI}",
          "description": "Per-instance Memory Usage",
          "fill": 1,
          "id": 2,
          "legend": {
            "avg": false,
            "current": false,
            "max": false,
            "min": false,
            "show": true,
            "total": false,
            "values": false
          },
          "lines": true,
          "linewidth": 1,
          "links": [],
          "nullPointMode": "null",
          "percentage": false,
          "pointradius": 5,
          "points": false,
          "renderer": "flot",
          "seriesOverrides": [],
          "spaceLength": 10,
          "span": 12,
          "stack": false,
          "steppedLine": false,
          "targets": [
            {
              "aggregator": "mean",
              "draw_missing_datapoint_as_zero": true,
              "fill": 0,
              "granularity": "0:05:00",
              "label": "$display_name-${host}",
              "metric_name": "memory.usage",
              "needed_overlap": 0,
              "operations": "(* (metric memory.usage) 1)",
              "queryMode": "resource_search",
              "refId": "A",
              "resource_search": "flavor_id > 0",
              "resource_type": "instance"
            }
          ],
          "thresholds": [],
          "timeFrom": null,
          "timeShift": null,
          "title": "Per-instance Memory Usage",
          "tooltip": {
            "shared": true,
            "sort": 0,
            "value_type": "individual"
          },
          "type": "graph",
          "xaxis": {
            "buckets": null,
            "mode": "time",
            "name": null,
            "show": true,
            "values": []
          },
          "yaxes": [
            {
              "format": "decmbytes",
              "label": null,
              "logBase": 1,
              "max": null,
              "min": null,
              "show": true
            },
            {
              "format": "short",
              "label": null,
              "logBase": 1,
              "max": null,
              "min": null,
              "show": true
            }
          ]
        }
      ],
      "repeat": null,
      "repeatIteration": null,
      "repeatRowId": null,
      "showTitle": false,
      "title": "Dashboard Row",
      "titleSize": "h6"
    },
    {
      "collapse": false,
      "height": 250,
      "panels": [
        {
          "aliasColors": {},
          "bars": false,
          "dashLength": 10,
          "dashes": false,
          "datasource": "${DS_GNOCCHI}",
          "description": "Instance Aggegate Disk Read Bytes",
          "fill": 1,
          "id": 10,
          "legend": {
            "avg": false,
            "current": false,
            "max": false,
            "min": false,
            "show": true,
            "total": false,
            "values": false
          },
          "lines": true,
          "linewidth": 1,
          "links": [],
          "nullPointMode": "null",
          "percentage": false,
          "pointradius": 5,
          "points": false,
          "renderer": "flot",
          "seriesOverrides": [],
          "spaceLength": 10,
          "span": 12,
          "stack": false,
          "steppedLine": false,
          "targets": [
            {
              "aggregator": "max",
              "draw_missing_datapoint_as_zero": true,
              "fill": 0,
              "granularity": "0:05:00",
              "label": "max",
              "metric_name": "disk.read.bytes.rate",
              "needed_overlap": 0,
              "queryMode": "resource_aggregation",
              "refId": "A",
              "resource_search": "id != ''",
              "resource_type": "instance"
            },
            {
              "aggregator": "mean",
              "draw_missing_datapoint_as_zero": true,
              "fill": 0,
              "granularity": "0:05:00",
              "label": "mean",
              "metric_name": "disk.read.bytes.rate",
              "needed_overlap": 0,
              "queryMode": "resource_aggregation",
              "refId": "B",
              "resource_search": "id != ''",
              "resource_type": "instance"
            }
          ],
          "thresholds": [],
          "timeFrom": null,
          "timeShift": null,
          "title": "Instance Aggegate Disk Read Bytes",
          "tooltip": {
            "shared": true,
            "sort": 0,
            "value_type": "individual"
          },
          "type": "graph",
          "xaxis": {
            "buckets": null,
            "mode": "time",
            "name": null,
            "show": true,
            "values": []
          },
          "yaxes": [
            {
              "format": "Bps",
              "label": null,
              "logBase": 1,
              "max": null,
              "min": null,
              "show": true
            },
            {
              "format": "short",
              "label": null,
              "logBase": 1,
              "max": null,
              "min": null,
              "show": true
            }
          ]
        }
      ],
      "repeat": null,
      "repeatIteration": null,
      "repeatRowId": null,
      "showTitle": false,
      "title": "Dashboard Row",
      "titleSize": "h6"
    },
    {
      "collapse": false,
      "height": 250,
      "panels": [
        {
          "aliasColors": {},
          "bars": false,
          "dashLength": 10,
          "dashes": false,
          "datasource": "${DS_GNOCCHI}",
          "description": "Per-instance Disk Read Bytes, Max",
          "fill": 1,
          "id": 8,
          "legend": {
            "avg": false,
            "current": false,
            "max": false,
            "min": false,
            "show": true,
            "total": false,
            "values": false
          },
          "lines": true,
          "linewidth": 1,
          "links": [],
          "nullPointMode": "null",
          "percentage": false,
          "pointradius": 5,
          "points": false,
          "renderer": "flot",
          "seriesOverrides": [],
          "spaceLength": 10,
          "span": 12,
          "stack": false,
          "steppedLine": false,
          "targets": [
            {
              "aggregator": "max",
              "draw_missing_datapoint_as_zero": false,
              "fill": 0,
              "granularity": "",
              "label": "${display_name}-${host}",
              "metric_name": "disk.read.bytes.rate",
              "needed_overlap": 0,
              "queryMode": "resource_search",
              "refId": "A",
              "resource_search": "id != ''",
              "resource_type": "instance"
            }
          ],
          "thresholds": [],
          "timeFrom": null,
          "timeShift": null,
          "title": "Per-instance Disk Read Bytes, Max",
          "tooltip": {
            "shared": true,
            "sort": 0,
            "value_type": "individual"
          },
          "type": "graph",
          "xaxis": {
            "buckets": null,
            "mode": "time",
            "name": null,
            "show": true,
            "values": []
          },
          "yaxes": [
            {
              "format": "Bps",
              "label": null,
              "logBase": 1,
              "max": null,
              "min": null,
              "show": true
            },
            {
              "format": "short",
              "label": null,
              "logBase": 1,
              "max": null,
              "min": null,
              "show": true
            }
          ]
        }
      ],
      "repeat": null,
      "repeatIteration": null,
      "repeatRowId": null,
      "showTitle": false,
      "title": "Dashboard Row",
      "titleSize": "h6"
    },
    {
      "collapse": false,
      "height": 250,
      "panels": [
        {
          "aliasColors": {},
          "bars": false,
          "dashLength": 10,
          "dashes": false,
          "datasource": "${DS_GNOCCHI}",
          "description": "Instance Aggegate Disk Write Bytes",
          "fill": 1,
          "id": 11,
          "legend": {
            "avg": false,
            "current": false,
            "max": false,
            "min": false,
            "show": true,
            "total": false,
            "values": false
          },
          "lines": true,
          "linewidth": 1,
          "links": [],
          "nullPointMode": "null",
          "percentage": false,
          "pointradius": 5,
          "points": false,
          "renderer": "flot",
          "seriesOverrides": [],
          "spaceLength": 10,
          "span": 12,
          "stack": false,
          "steppedLine": false,
          "targets": [
            {
              "aggregator": "max",
              "draw_missing_datapoint_as_zero": true,
              "fill": 0,
              "granularity": "0:05:00",
              "label": "max",
              "metric_name": "disk.write.bytes.rate",
              "needed_overlap": 0,
              "queryMode": "resource_aggregation",
              "refId": "A",
              "resource_search": "id != ''",
              "resource_type": "instance"
            },
            {
              "aggregator": "mean",
              "draw_missing_datapoint_as_zero": true,
              "fill": 0,
              "granularity": "0:05:00",
              "label": "mean",
              "metric_name": "disk.write.bytes.rate",
              "needed_overlap": 0,
              "queryMode": "resource_aggregation",
              "refId": "B",
              "resource_search": "id != ''",
              "resource_type": "instance"
            }
          ],
          "thresholds": [],
          "timeFrom": null,
          "timeShift": null,
          "title": "Instance Aggegate Disk Write Bytes",
          "tooltip": {
            "shared": true,
            "sort": 0,
            "value_type": "individual"
          },
          "type": "graph",
          "xaxis": {
            "buckets": null,
            "mode": "time",
            "name": null,
            "show": true,
            "values": []
          },
          "yaxes": [
            {
              "format": "Bps",
              "label": null,
              "logBase": 1,
              "max": null,
              "min": null,
              "show": true
            },
            {
              "format": "short",
              "label": null,
              "logBase": 1,
              "max": null,
              "min": null,
              "show": true
            }
          ]
        }
      ],
      "repeat": null,
      "repeatIteration": null,
      "repeatRowId": null,
      "showTitle": false,
      "title": "Dashboard Row",
      "titleSize": "h6"
    },
    {
      "collapse": false,
      "height": 250,
      "panels": [
        {
          "aliasColors": {},
          "bars": false,
          "dashLength": 10,
          "dashes": false,
          "datasource": "${DS_GNOCCHI}",
          "description": "Per-instance Disk Write Bytes, Max",
          "fill": 1,
          "id": 9,
          "legend": {
            "avg": false,
            "current": false,
            "max": false,
            "min": false,
            "show": true,
            "total": false,
            "values": false
          },
          "lines": true,
          "linewidth": 1,
          "links": [],
          "nullPointMode": "null",
          "percentage": false,
          "pointradius": 5,
          "points": false,
          "renderer": "flot",
          "seriesOverrides": [],
          "spaceLength": 10,
          "span": 12,
          "stack": false,
          "steppedLine": false,
          "targets": [
            {
              "aggregator": "max",
              "draw_missing_datapoint_as_zero": true,
              "fill": 0,
              "granularity": "",
              "label": "${display_name}-${host}",
              "metric_name": "disk.write.bytes.rate",
              "needed_overlap": 0,
              "queryMode": "resource_search",
              "refId": "A",
              "resource_search": "id != ''",
              "resource_type": "instance"
            }
          ],
          "thresholds": [],
          "timeFrom": null,
          "timeShift": null,
          "title": "Per-instance Disk Write Bytes, Max",
          "tooltip": {
            "shared": true,
            "sort": 0,
            "value_type": "individual"
          },
          "type": "graph",
          "xaxis": {
            "buckets": null,
            "mode": "time",
            "name": null,
            "show": true,
            "values": []
          },
          "yaxes": [
            {
              "format": "Bps",
              "label": null,
              "logBase": 1,
              "max": null,
              "min": null,
              "show": true
            },
            {
              "format": "short",
              "label": null,
              "logBase": 1,
              "max": null,
              "min": null,
              "show": true
            }
          ]
        }
      ],
      "repeat": null,
      "repeatIteration": null,
      "repeatRowId": null,
      "showTitle": false,
      "title": "Dashboard Row",
      "titleSize": "h6"
    }
  ],
  "schemaVersion": 14,
  "style": "dark",
  "tags": [
    "openstack"
  ],
  "templating": {
    "list": []
  },
  "time": {
    "from": "now-24h",
    "to": "now"
  },
  "timepicker": {
    "refresh_intervals": [
      "5s",
      "10s",
      "30s",
      "1m",
      "5m",
      "15m",
      "30m",
      "1h",
      "2h",
      "1d"
    ],
    "time_options": [
      "5m",
      "15m",
      "1h",
      "6h",
      "12h",
      "24h",
      "2d",
      "7d",
      "30d"
    ]
  },
  "timezone": "",
  "title": "OpenStack Instance Statistics",
  "version": 46
},
  "inputs": [
      {
          "name": "DS_GNOCCHI",
          "pluginId": "gnocchixyz-gnocchi-datasource",
          "type": "datasource",
          "value": "gnocchi"
      }
  ],
  "overwrite": true
}
